{
  "1": [
    "정말 감동적인 영화였어요!",
    "어릴 적 추억이 떠올랐어요.",
    "재밌어요!"
  ],
  "2": [
    "스토리가 약간 지루했어요.",
    "영상미는 좋았어요.",
    "캐릭터가 귀여워요."
  ],
  "3": [
    "영화 정말 재밌었어요!",
    "추천합니다!",
    "추억이 떠올라요."
  ],
  "4": [
    "아이들과 보기 좋아요!"
  ],
  "5": [
    "영화 정말 재밌었어요!",
    "추천합니다!"
  ],
  "6": [
    "영화 정말 재밌었어요!",
    "추천합니다!"
  ],
  "7": [
    "영화 정말 재밌었어요!",
    "추천합니다!"
  ],
  "8": [
    "영화 정말 재밌었어요!",
    "추천합니다!"
  ],
  "9": [
    "최고의 영화!"
  ],
  "10": [
    "영화 정말 재밌었어요!",
    "추천합니다!"
  ],
  "11": [
    "영화 정말 재밌었어요!",
    "추천합니다!"
  ],
  "12": [
    "영화 정말 재밌었어요!",
    "추천합니다!"
  ],
  "13": [
    "영화 정말 재밌었어요!",
    "추천합니다!"
  ],
  "14": [
    "영화 정말 재밌었어요!",
    "추천합니다!"
  ],
  "15": [
    "영화 정말 재밌었어요!",
    "추천합니다!"
  ],
  "16": [
    "영화 정말 재밌었어요!",
    "추천합니다!"
  ],
  "17": [
    "영화 정말 재밌었어요!",
    "추천합니다!"
  ],
  "18": [
    "영화 정말 재밌었어요!",
    "추천합니다!"
  ],
  "19": [
    "영화 정말 재밌었어요!",
    "추천합니다!"
  ],
  "20": [
    "영화 정말 재밌었어요!",
    "추천합니다!"
  ],
  "21": [
    "영화 정말 재밌었어요!",
    "추천합니다!"
  ],
  "22": [
    "영화 정말 재밌었어요!",
    "추천합니다!"
  ],
  "23": [
    "영화 정말 재밌었어요!",
    "추천합니다!"
  ],
  "24": [
    "영화 정말 재밌었어요!",
    "추천합니다!"
  ],
  "25": [
    "영화 정말 재밌었어요!",
    "추천합니다!"
  ],
  "26": [
    "영화 정말 재밌었어요!",
    "추천합니다!"
  ],
  "27": [
    "영화 정말 재밌었어요!",
    "추천합니다!"
  ],
  "28": [
    "영화 정말 재밌었어요!",
    "추천합니다!"
  ],
  "29": [
    "영화 정말 재밌었어요!",
    "추천합니다!"
  ],
  "30": [
    "영화 정말 재밌었어요!",
    "추천합니다!"
  ]
}