[
    {
        "": "0",
        "adult": "False",
        "belongs_to_collection": {
            "id": 10194,
            "name": "Toy Story Collection",
            "poster_path": "/7G9915LfUQ2lVfwMEEhDsn3kT4B.jpg",
            "backdrop_path": "/9FBwqcd9IRruEDUrTdcaafOMKUq.jpg"
        },
        "budget": "30000000",
        "genres": [
            {
                "id": 16,
                "name": "Animation"
            },
            {
                "id": 35,
                "name": "Comedy"
            },
            {
                "id": 10751,
                "name": "Family"
            }
        ],
        "homepage": "http://toystory.disney.com/toy-story",
        "id": "862",
        "imdb_id": "tt0114709",
        "original_language": "en",
        "original_title": "Toy Story",
        "overview": "Led by Woody, Andy's toys live happily in his room until Andy's birthday brings Buzz Lightyear onto the scene. Afraid of losing his place in Andy's heart, Woody plots against Buzz. But when circumstances separate Buzz and Woody from their owner, the duo eventually learns to put aside their differences.",
        "popularity": "21.946943",
        "poster_path": "images/toystory1.jpg",
        "production_companies": [
            {
                "name": "Pixar Animation Studios",
                "id": 3
            }
        ],
        "production_countries": [
            {
                "iso_3166_1": "US",
                "name": "United States of America"
            }
        ],
        "release_date": "1995-10-30",
        "revenue": "373554033.0",
        "runtime": "81.0",
        "spoken_languages": [
            {
                "iso_639_1": "en",
                "name": "English"
            }
        ],
        "status": "Released",
        "tagline": "",
        "title": "Toy Story",
        "video": "False",
        "vote_average": "7.7",
        "vote_count": "5415.0"
    },
    {
        "": "359",
        "adult": "False",
        "belongs_to_collection": {
            "id": 94032,
            "name": "The Lion King Collection",
            "poster_path": "/oG1heUs503GV6xBnFhgyYTGWm05.jpg",
            "backdrop_path": "/A9IEaj9cPAwEgFnTmteB70oxgJY.jpg"
        },
        "budget": "45000000",
        "genres": [
            {
                "id": 10751,
                "name": "Family"
            },
            {
                "id": 16,
                "name": "Animation"
            },
            {
                "id": 18,
                "name": "Drama"
            }
        ],
        "homepage": "http://movies.disney.com/the-lion-king",
        "id": "8587",
        "imdb_id": "tt0110357",
        "original_language": "en",
        "original_title": "The Lion King",
        "overview": "A young lion cub named Simba can't wait to be king. But his uncle craves the title for himself and will stop at nothing to get it.",
        "popularity": "21.605761",
        "poster_path": "images/lionking.jpg",
        "production_companies": [
            {
                "name": "Walt Disney Pictures",
                "id": 2
            },
            {
                "name": "Walt Disney Feature Animation",
                "id": 10217
            }
        ],
        "production_countries": [
            {
                "iso_3166_1": "US",
                "name": "United States of America"
            }
        ],
        "release_date": "1994-06-23",
        "revenue": "788241776.0",
        "runtime": "89.0",
        "spoken_languages": [
            {
                "iso_639_1": "en",
                "name": "English"
            }
        ],
        "status": "Released",
        "tagline": "Life's greatest adventure is finding your place in the Circle of Life.",
        "title": "The Lion King",
        "video": "False",
        "vote_average": "8.0",
        "vote_count": "5520.0"
    },
    {
        "": "2997",
        "adult": "False",
        "belongs_to_collection": {
            "id": 10194,
            "name": "Toy Story Collection",
            "poster_path": "/7G9915LfUQ2lVfwMEEhDsn3kT4B.jpg",
            "backdrop_path": "/9FBwqcd9IRruEDUrTdcaafOMKUq.jpg"
        },
        "budget": "90000000",
        "genres": [
            {
                "id": 16,
                "name": "Animation"
            },
            {
                "id": 35,
                "name": "Comedy"
            },
            {
                "id": 10751,
                "name": "Family"
            }
        ],
        "homepage": "http://toystory.disney.com/toy-story-2",
        "id": "863",
        "imdb_id": "tt0120363",
        "original_language": "en",
        "original_title": "Toy Story 2",
        "overview": "Andy heads off to Cowboy Camp, leaving his toys to their own devices. Things shift into high gear when an obsessive toy collector named Al McWhiggen, owner of Al's Toy Barn kidnaps Woody. Andy's toys mount a daring rescue mission, Buzz Lightyear meets his match and Woody has to decide where he and his heart truly belong.",
        "popularity": "17.547693",
        "poster_path": "images/toystory2.jpg",
        "production_companies": [
            {
                "name": "Pixar Animation Studios",
                "id": 3
            }
        ],
        "production_countries": [
            {
                "iso_3166_1": "US",
                "name": "United States of America"
            }
        ],
        "release_date": "1999-10-30",
        "revenue": "497366869.0",
        "runtime": "92.0",
        "spoken_languages": [
            {
                "iso_639_1": "en",
                "name": "English"
            }
        ],
        "status": "Released",
        "tagline": "The toys are back!",
        "title": "Toy Story 2",
        "video": "False",
        "vote_average": "7.3",
        "vote_count": "3914.0"
    },
    {
        "": "4766",
        "adult": "False",
        "belongs_to_collection": {
            "id": 1241,
            "name": "Harry Potter Collection",
            "poster_path": "/8Xmkc1HvCOpMlbFvVabrtr6HAsp.jpg",
            "backdrop_path": "/wfnMt6LGqYHcNyOfsuusw5lX3bL.jpg"
        },
        "budget": "125000000",
        "genres": [
            {
                "id": 12,
                "name": "Adventure"
            },
            {
                "id": 14,
                "name": "Fantasy"
            },
            {
                "id": 10751,
                "name": "Family"
            }
        ],
        "homepage": "http://harrypotter.warnerbros.com/harrypotterandthedeathlyhallows/mainsite/index.html",
        "id": "671",
        "imdb_id": "tt0241527",
        "original_language": "en",
        "original_title": "Harry Potter and the Philosopher's Stone",
        "overview": "Harry Potter has lived under the stairs at his aunt and uncle's house his whole life. But on his 11th birthday, he learns he's a powerful wizard -- with a place waiting for him at the Hogwarts School of Witchcraft and Wizardry. As he learns to harness his newfound powers with the help of the school's kindly headmaster, Harry uncovers the truth about his parents' deaths -- and about the villain who's to blame.",
        "popularity": "38.187238",
        "poster_path": "images/harrypotter1.jpg",
        "production_companies": [
            {
                "name": "1492 Pictures",
                "id": 436
            },
            {
                "name": "Warner Bros.",
                "id": 6194
            },
            {
                "name": "Heyday Films",
                "id": 7364
            }
        ],
        "production_countries": [
            {
                "iso_3166_1": "GB",
                "name": "United Kingdom"
            },
            {
                "iso_3166_1": "US",
                "name": "United States of America"
            }
        ],
        "release_date": "2001-11-16",
        "revenue": "976475550.0",
        "runtime": "152.0",
        "spoken_languages": [
            {
                "iso_639_1": "en",
                "name": "English"
            }
        ],
        "status": "Released",
        "tagline": "Let the Magic Begin.",
        "title": "Harry Potter and the Philosopher's Stone",
        "video": "False",
        "vote_average": "7.5",
        "vote_count": "7188.0"
    },
    {
        "": "5678",
        "adult": "False",
        "belongs_to_collection": {
            "id": 1241,
            "name": "Harry Potter Collection",
            "poster_path": "/8Xmkc1HvCOpMlbFvVabrtr6HAsp.jpg",
            "backdrop_path": "/wfnMt6LGqYHcNyOfsuusw5lX3bL.jpg"
        },
        "budget": "100000000",
        "genres": [
            {
                "id": 12,
                "name": "Adventure"
            },
            {
                "id": 14,
                "name": "Fantasy"
            },
            {
                "id": 10751,
                "name": "Family"
            }
        ],
        "homepage": "",
        "id": "672",
        "imdb_id": "tt0295297",
        "original_language": "en",
        "original_title": "Harry Potter and the Chamber of Secrets",
        "overview": "Ignoring threats to his life, Harry returns to Hogwarts to investigate – aided by Ron and Hermione – a mysterious series of attacks.",
        "popularity": "29.741452",
        "poster_path": "images/harrypotter2.jpg",
        "production_companies": [
            {
                "name": "1492 Pictures",
                "id": 436
            },
            {
                "name": "Heyday films",
                "id": 437
            },
            {
                "name": "Warner Bros.",
                "id": 6194
            }
        ],
        "production_countries": [
            {
                "iso_3166_1": "DE",
                "name": "Germany"
            },
            {
                "iso_3166_1": "GB",
                "name": "United Kingdom"
            },
            {
                "iso_3166_1": "US",
                "name": "United States of America"
            }
        ],
        "release_date": "2002-11-13",
        "revenue": "876688482.0",
        "runtime": "161.0",
        "spoken_languages": [
            {
                "iso_639_1": "en",
                "name": "English"
            }
        ],
        "status": "Released",
        "tagline": "Hogwarts is back in session.",
        "title": "Harry Potter and the Chamber of Secrets",
        "video": "False",
        "vote_average": "7.4",
        "vote_count": "5966.0"
    },
    {
        "": "7725",
        "adult": "False",
        "belongs_to_collection": {
            "id": 1241,
            "name": "Harry Potter Collection",
            "poster_path": "/8Xmkc1HvCOpMlbFvVabrtr6HAsp.jpg",
            "backdrop_path": "/wfnMt6LGqYHcNyOfsuusw5lX3bL.jpg"
        },
        "budget": "130000000",
        "genres": [
            {
                "id": 12,
                "name": "Adventure"
            },
            {
                "id": 14,
                "name": "Fantasy"
            },
            {
                "id": 10751,
                "name": "Family"
            }
        ],
        "homepage": "",
        "id": "673",
        "imdb_id": "tt0304141",
        "original_language": "en",
        "original_title": "Harry Potter and the Prisoner of Azkaban",
        "overview": "Harry, Ron and Hermione return to Hogwarts for another magic-filled year. Harry comes face to face with danger yet again, this time in the form of escaped convict, Sirius Black – and turns to sympathetic Professor Lupin for help.",
        "popularity": "28.460276",
        "poster_path": "images/harrypotter3.jpg",
        "production_companies": [
            {
                "name": "1492 Pictures",
                "id": 436
            },
            {
                "name": "Heyday films",
                "id": 437
            },
            {
                "name": "Warner Bros.",
                "id": 6194
            }
        ],
        "production_countries": [
            {
                "iso_3166_1": "GB",
                "name": "United Kingdom"
            },
            {
                "iso_3166_1": "US",
                "name": "United States of America"
            }
        ],
        "release_date": "2004-05-31",
        "revenue": "789804554.0",
        "runtime": "141.0",
        "spoken_languages": [
            {
                "iso_639_1": "en",
                "name": "English"
            }
        ],
        "status": "Released",
        "tagline": "Something wicked this way comes.",
        "title": "Harry Potter and the Prisoner of Azkaban",
        "video": "False",
        "vote_average": "7.7",
        "vote_count": "6037.0"
    },
    {
        "": "10554",
        "adult": "False",
        "belongs_to_collection": {
            "id": 1241,
            "name": "Harry Potter Collection",
            "poster_path": "/8Xmkc1HvCOpMlbFvVabrtr6HAsp.jpg",
            "backdrop_path": "/wfnMt6LGqYHcNyOfsuusw5lX3bL.jpg"
        },
        "budget": "150000000",
        "genres": [
            {
                "id": 12,
                "name": "Adventure"
            },
            {
                "id": 14,
                "name": "Fantasy"
            },
            {
                "id": 10751,
                "name": "Family"
            }
        ],
        "homepage": "http://harrypotter.warnerbros.com/",
        "id": "674",
        "imdb_id": "tt0330373",
        "original_language": "en",
        "original_title": "Harry Potter and the Goblet of Fire",
        "overview": "Harry starts his fourth year at Hogwarts, competes in the treacherous Triwizard Tournament and faces the evil Lord Voldemort. Ron and Hermione help Harry manage the pressure – but Voldemort lurks, awaiting his chance to destroy Harry and all that he stands for.",
        "popularity": "24.903058",
        "poster_path": "images/harrypotter4.jpg",
        "production_companies": [
            {
                "name": "Patalex IV Productions Limited",
                "id": 462
            },
            {
                "name": "Warner Bros.",
                "id": 6194
            },
            {
                "name": "Heyday Films",
                "id": 7364
            }
        ],
        "production_countries": [
            {
                "iso_3166_1": "GB",
                "name": "United Kingdom"
            },
            {
                "iso_3166_1": "US",
                "name": "United States of America"
            }
        ],
        "release_date": "2005-11-05",
        "revenue": "895921036.0",
        "runtime": "157.0",
        "spoken_languages": [
            {
                "iso_639_1": "en",
                "name": "English"
            },
            {
                "iso_639_1": "fr",
                "name": "Français"
            }
        ],
        "status": "Released",
        "tagline": "Dark And Difficult Times Lie Ahead.",
        "title": "Harry Potter and the Goblet of Fire",
        "video": "False",
        "vote_average": "7.5",
        "vote_count": "5758.0"
    },
    {
        "": "10597",
        "adult": "False",
        "belongs_to_collection": {
            "id": 420,
            "name": "The Chronicles of Narnia Collection",
            "poster_path": "/sh6Kn8VBfXotJ6qsvJkdfscxXKR.jpg",
            "backdrop_path": "/ojjzZUQlqKTsN1T7s5OAVZSjYMH.jpg"
        },
        "budget": "180000000",
        "genres": [
            {
                "id": 12,
                "name": "Adventure"
            },
            {
                "id": 10751,
                "name": "Family"
            },
            {
                "id": 14,
                "name": "Fantasy"
            }
        ],
        "homepage": "",
        "id": "411",
        "imdb_id": "tt0363771",
        "original_language": "en",
        "original_title": "The Chronicles of Narnia: The Lion, the Witch and the Wardrobe",
        "overview": "Siblings Lucy, Edmund, Susan and Peter step through a magical wardrobe and find the land of Narnia. There, the they discover a charming, once peaceful kingdom that has been plunged into eternal winter by the evil White Witch, Jadis. Aided by the wise and magnificent lion, Aslan, the children lead Narnia into a spectacular, climactic battle to be free of the Witch's glacial powers forever.",
        "popularity": "18.13542",
        "poster_path": "images/narnia1.jpg",
        "production_companies": [
            {
                "name": "Walt Disney",
                "id": 5888
            },
            {
                "name": "Walden Media",
                "id": 10221
            }
        ],
        "production_countries": [
            {
                "iso_3166_1": "GB",
                "name": "United Kingdom"
            },
            {
                "iso_3166_1": "US",
                "name": "United States of America"
            }
        ],
        "release_date": "2005-12-07",
        "revenue": "748806957.0",
        "runtime": "143.0",
        "spoken_languages": [
            {
                "iso_639_1": "en",
                "name": "English"
            },
            {
                "iso_639_1": "de",
                "name": "Deutsch"
            }
        ],
        "status": "Released",
        "tagline": "Evil Has Reigned For 100 Years...",
        "title": "The Chronicles of Narnia: The Lion, the Witch and the Wardrobe",
        "video": "False",
        "vote_average": "6.7",
        "vote_count": "2709.0"
    },
    {
        "": "11927",
        "adult": "False",
        "belongs_to_collection": {
            "id": 1241,
            "name": "Harry Potter Collection",
            "poster_path": "/8Xmkc1HvCOpMlbFvVabrtr6HAsp.jpg",
            "backdrop_path": "/wfnMt6LGqYHcNyOfsuusw5lX3bL.jpg"
        },
        "budget": "150000000",
        "genres": [
            {
                "id": 12,
                "name": "Adventure"
            },
            {
                "id": 14,
                "name": "Fantasy"
            },
            {
                "id": 10751,
                "name": "Family"
            },
            {
                "id": 9648,
                "name": "Mystery"
            }
        ],
        "homepage": "http://www.harrypotterorderofthephoenix.com/",
        "id": "675",
        "imdb_id": "tt0373889",
        "original_language": "en",
        "original_title": "Harry Potter and the Order of the Phoenix",
        "overview": "Returning for his fifth year of study at Hogwarts, Harry is stunned to find that his warnings about the return of Lord Voldemort have been ignored. Left with no choice, Harry takes matters into his own hands, training a small group of students – dubbed 'Dumbledore's Army' – to defend themselves against the dark arts.",
        "popularity": "21.3643",
        "poster_path": "images/harrypotter5.jpg",
        "production_companies": [
            {
                "name": "Warner Bros.",
                "id": 6194
            },
            {
                "name": "Heyday Films",
                "id": 7364
            }
        ],
        "production_countries": [
            {
                "iso_3166_1": "GB",
                "name": "United Kingdom"
            },
            {
                "iso_3166_1": "US",
                "name": "United States of America"
            }
        ],
        "release_date": "2007-06-28",
        "revenue": "938212738.0",
        "runtime": "138.0",
        "spoken_languages": [
            {
                "iso_639_1": "en",
                "name": "English"
            }
        ],
        "status": "Released",
        "tagline": "Evil Must Be Confronted.",
        "title": "Harry Potter and the Order of the Phoenix",
        "video": "False",
        "vote_average": "7.4",
        "vote_count": "5633.0"
    },
    {
        "": "12614",
        "adult": "False",
        "belongs_to_collection": {
            "id": 420,
            "name": "The Chronicles of Narnia Collection",
            "poster_path": "/sh6Kn8VBfXotJ6qsvJkdfscxXKR.jpg",
            "backdrop_path": "/ojjzZUQlqKTsN1T7s5OAVZSjYMH.jpg"
        },
        "budget": "225000000",
        "genres": [
            {
                "id": 12,
                "name": "Adventure"
            },
            {
                "id": 10751,
                "name": "Family"
            },
            {
                "id": 14,
                "name": "Fantasy"
            }
        ],
        "homepage": "",
        "id": "2454",
        "imdb_id": "tt0499448",
        "original_language": "en",
        "original_title": "The Chronicles of Narnia: Prince Caspian",
        "overview": "One year after their incredible adventures in the Lion, the Witch and the Wardrobe, Peter, Edmund, Lucy and Susan Pevensie return to Narnia to aid a young prince whose life has been threatened by the evil King Miraz. Now, with the help of a colorful cast of new characters, including Trufflehunter the badger and Nikabrik the dwarf, the Pevensie clan embarks on an incredible quest to ensure that Narnia is returned to its rightful heir.",
        "popularity": "12.490891",
        "poster_path": "images/narnia2.jpg",
        "production_companies": [
            {
                "name": "Walt Disney",
                "id": 5888
            },
            {
                "name": "Walden Media",
                "id": 10221
            },
            {
                "name": "Stillking Films",
                "id": 11345
            },
            {
                "name": "Ozumi Films",
                "id": 11440
            },
            {
                "name": "Propeler",
                "id": 11441
            },
            {
                "name": "Silverbell Films",
                "id": 11442
            },
            {
                "name": "Revolution Sun Studios",
                "id": 76043
            }
        ],
        "production_countries": [
            {
                "iso_3166_1": "CZ",
                "name": "Czech Republic"
            },
            {
                "iso_3166_1": "PL",
                "name": "Poland"
            },
            {
                "iso_3166_1": "SI",
                "name": "Slovenia"
            },
            {
                "iso_3166_1": "US",
                "name": "United States of America"
            }
        ],
        "release_date": "2008-05-15",
        "revenue": "419651413.0",
        "runtime": "150.0",
        "spoken_languages": [
            {
                "iso_639_1": "en",
                "name": "English"
            }
        ],
        "status": "Released",
        "tagline": "Hope has a new face.",
        "title": "The Chronicles of Narnia: Prince Caspian",
        "video": "False",
        "vote_average": "6.3",
        "vote_count": "1668.0"
    },
    {
        "": "13893",
        "adult": "False",
        "belongs_to_collection": {
            "id": 1241,
            "name": "Harry Potter Collection",
            "poster_path": "/8Xmkc1HvCOpMlbFvVabrtr6HAsp.jpg",
            "backdrop_path": "/wfnMt6LGqYHcNyOfsuusw5lX3bL.jpg"
        },
        "budget": "250000000",
        "genres": [
            {
                "id": 12,
                "name": "Adventure"
            },
            {
                "id": 14,
                "name": "Fantasy"
            },
            {
                "id": 10751,
                "name": "Family"
            }
        ],
        "homepage": "http://harrypotter.warnerbros.com/harrypotterandthehalf-bloodprince/dvd/index.html",
        "id": "767",
        "imdb_id": "tt0417741",
        "original_language": "en",
        "original_title": "Harry Potter and the Half-Blood Prince",
        "overview": "As Harry begins his sixth year at Hogwarts, he discovers an old book marked as 'Property of the Half-Blood Prince', and begins to learn more about Lord Voldemort's dark past.",
        "popularity": "19.083723",
        "poster_path": "images/harrypotter6.jpg",
        "production_companies": [
            {
                "name": "Warner Bros.",
                "id": 6194
            },
            {
                "name": "Heyday Films",
                "id": 7364
            }
        ],
        "production_countries": [
            {
                "iso_3166_1": "GB",
                "name": "United Kingdom"
            },
            {
                "iso_3166_1": "US",
                "name": "United States of America"
            }
        ],
        "release_date": "2009-07-07",
        "revenue": "933959197.0",
        "runtime": "153.0",
        "spoken_languages": [
            {
                "iso_639_1": "en",
                "name": "English"
            }
        ],
        "status": "Released",
        "tagline": "Dark Secrets Revealed",
        "title": "Harry Potter and the Half-Blood Prince",
        "video": "False",
        "vote_average": "7.4",
        "vote_count": "5435.0"
    },
    {
        "": "15348",
        "adult": "False",
        "belongs_to_collection": {
            "id": 10194,
            "name": "Toy Story Collection",
            "poster_path": "/7G9915LfUQ2lVfwMEEhDsn3kT4B.jpg",
            "backdrop_path": "/9FBwqcd9IRruEDUrTdcaafOMKUq.jpg"
        },
        "budget": "200000000",
        "genres": [
            {
                "id": 16,
                "name": "Animation"
            },
            {
                "id": 10751,
                "name": "Family"
            },
            {
                "id": 35,
                "name": "Comedy"
            }
        ],
        "homepage": "http://disney.go.com/toystory/",
        "id": "10193",
        "imdb_id": "tt0435761",
        "original_language": "en",
        "original_title": "Toy Story 3",
        "overview": "Woody, Buzz, and the rest of Andy's toys haven't been played with in years. With Andy about to go to college, the gang find themselves accidentally left at a nefarious day care center. The toys must band together to escape and return home to Andy.",
        "popularity": "16.96647",
        "poster_path": "images/toystory3.jpg",
        "production_companies": [
            {
                "name": "Walt Disney Pictures",
                "id": 2
            },
            {
                "name": "Pixar Animation Studios",
                "id": 3
            }
        ],
        "production_countries": [
            {
                "iso_3166_1": "US",
                "name": "United States of America"
            }
        ],
        "release_date": "2010-06-16",
        "revenue": "1066969703.0",
        "runtime": "103.0",
        "spoken_languages": [
            {
                "iso_639_1": "en",
                "name": "English"
            },
            {
                "iso_639_1": "es",
                "name": "Español"
            }
        ],
        "status": "Released",
        "tagline": "No toy gets left behind.",
        "title": "Toy Story 3",
        "video": "False",
        "vote_average": "7.6",
        "vote_count": "4710.0"
    },
    {
        "": "16128",
        "adult": "False",
        "belongs_to_collection": {
            "id": 1241,
            "name": "Harry Potter Collection",
            "poster_path": "/8Xmkc1HvCOpMlbFvVabrtr6HAsp.jpg",
            "backdrop_path": "/wfnMt6LGqYHcNyOfsuusw5lX3bL.jpg"
        },
        "budget": "250000000",
        "genres": [
            {
                "id": 12,
                "name": "Adventure"
            },
            {
                "id": 14,
                "name": "Fantasy"
            },
            {
                "id": 10751,
                "name": "Family"
            }
        ],
        "homepage": "http://www.harrypotter.com",
        "id": "12444",
        "imdb_id": "tt0926084",
        "original_language": "en",
        "original_title": "Harry Potter and the Deathly Hallows: Part 1",
        "overview": "Harry, Ron and Hermione walk away from their last year at Hogwarts to find and destroy the remaining Horcruxes, putting an end to Voldemort's bid for immortality. But with Harry's beloved Dumbledore dead and Voldemort's unscrupulous Death Eaters on the loose, the world is more dangerous than ever.",
        "popularity": "23.300362",
        "poster_path": "images/harrypotter7_1.jpg",
        "production_companies": [
            {
                "name": "Warner Bros.",
                "id": 6194
            },
            {
                "name": "Heyday Films",
                "id": 7364
            }
        ],
        "production_countries": [
            {
                "iso_3166_1": "GB",
                "name": "United Kingdom"
            },
            {
                "iso_3166_1": "US",
                "name": "United States of America"
            }
        ],
        "release_date": "2010-10-17",
        "revenue": "954305868.0",
        "runtime": "146.0",
        "spoken_languages": [
            {
                "iso_639_1": "en",
                "name": "English"
            }
        ],
        "status": "Released",
        "tagline": "One Way… One Fate… One Hero.",
        "title": "Harry Potter and the Deathly Hallows: Part 1",
        "video": "False",
        "vote_average": "7.5",
        "vote_count": "5708.0"
    },
    {
        "": "16210",
        "adult": "False",
        "belongs_to_collection": {
            "id": 420,
            "name": "The Chronicles of Narnia Collection",
            "poster_path": "/sh6Kn8VBfXotJ6qsvJkdfscxXKR.jpg",
            "backdrop_path": "/ojjzZUQlqKTsN1T7s5OAVZSjYMH.jpg"
        },
        "budget": "155000000",
        "genres": [
            {
                "id": 12,
                "name": "Adventure"
            },
            {
                "id": 10751,
                "name": "Family"
            },
            {
                "id": 14,
                "name": "Fantasy"
            }
        ],
        "homepage": "",
        "id": "10140",
        "imdb_id": "tt0980970",
        "original_language": "en",
        "original_title": "The Chronicles of Narnia: The Voyage of the Dawn Treader",
        "overview": "This time around Edmund and Lucy Pevensie, along with their pesky cousin Eustace Scrubb find themselves swallowed into a painting and on to a fantastic Narnian ship headed for the very edges of the world.",
        "popularity": "12.383398",
        "poster_path": "images/narnia3.jpg",
        "production_companies": [
            {
                "name": "Dune Entertainment",
                "id": 444
            },
            {
                "name": "Fox 2000 Pictures",
                "id": 711
            },
            {
                "name": "Walden Media",
                "id": 10221
            }
        ],
        "production_countries": [
            {
                "iso_3166_1": "US",
                "name": "United States of America"
            }
        ],
        "release_date": "2010-08-13",
        "revenue": "415686217.0",
        "runtime": "113.0",
        "spoken_languages": [
            {
                "iso_639_1": "en",
                "name": "English"
            }
        ],
        "status": "Released",
        "tagline": "Return to magic. Return to hope. Return to Narnia.",
        "title": "The Chronicles of Narnia: The Voyage of the Dawn Treader",
        "video": "False",
        "vote_average": "6.2",
        "vote_count": "1555.0"
    },
    {
        "": "16803",
        "adult": "False",
        "belongs_to_collection": "",
        "budget": "0",
        "genres": [
            {
                "id": 16,
                "name": "Animation"
            },
            {
                "id": 10751,
                "name": "Family"
            }
        ],
        "homepage": "",
        "id": "72185",
        "imdb_id": "tt0072410",
        "original_language": "en",
        "original_title": "Winnie the Pooh and Tigger Too",
        "overview": "Rabbit is tired of Tigger always bouncing him, so he get's Pooh and Piglet together to come up with an idea to get the bounce out of Tigger. Rabbit suggests they take him into the middle of nowhere and leave him overnight. The idea backfires and Rabbit, Piglet and Pooh find themselves lost, but Pooh's tummy guides them home. Then, Tigger and Roo go out for a bounce and get caught in a tree, which Tigger is too afraid to get out of, and Rabbit makes Tigger promise that if they help get Tigger down, that Tigger can never bounce again. So Tigger is rescued and feels sad that he can no longer bounce, but everyone, including Rabbit, agrees they liked the old bouncy Tigger better.",
        "popularity": "1.192837",
        "poster_path": "images/winnie.jpg",
        "production_companies": [
            {
                "name": "Walt Disney Productions",
                "id": 3166
            }
        ],
        "production_countries": [
            {
                "iso_3166_1": "US",
                "name": "United States of America"
            }
        ],
        "release_date": "1974-09-20",
        "revenue": "0.0",
        "runtime": "25.0",
        "spoken_languages": [
            {
                "iso_639_1": "en",
                "name": "English"
            }
        ],
        "status": "Released",
        "tagline": "It's POOH-fectly TIGGER-ific and it's ALL NEW",
        "title": "Winnie the Pooh and Tigger Too",
        "video": "False",
        "vote_average": "8.1",
        "vote_count": "10.0"
    },
    {
        "": "17437",
        "adult": "False",
        "belongs_to_collection": {
            "id": 1241,
            "name": "Harry Potter Collection",
            "poster_path": "/8Xmkc1HvCOpMlbFvVabrtr6HAsp.jpg",
            "backdrop_path": "/wfnMt6LGqYHcNyOfsuusw5lX3bL.jpg"
        },
        "budget": "125000000",
        "genres": [
            {
                "id": 10751,
                "name": "Family"
            },
            {
                "id": 14,
                "name": "Fantasy"
            },
            {
                "id": 12,
                "name": "Adventure"
            }
        ],
        "homepage": "http://www.harrypotter.com",
        "id": "12445",
        "imdb_id": "tt1201607",
        "original_language": "en",
        "original_title": "Harry Potter and the Deathly Hallows: Part 2",
        "overview": "Harry, Ron and Hermione continue their quest to vanquish the evil Voldemort once and for all. Just as things begin to look hopeless for the young wizards, Harry discovers a trio of magical objects that endow him with powers to rival Voldemort's formidable skills.",
        "popularity": "24.990737",
        "poster_path": "images/harrypotter7_2.jpg",
        "production_companies": [
            {
                "name": "Warner Bros.",
                "id": 6194
            },
            {
                "name": "Heyday Films",
                "id": 7364
            }
        ],
        "production_countries": [
            {
                "iso_3166_1": "GB",
                "name": "United Kingdom"
            },
            {
                "iso_3166_1": "US",
                "name": "United States of America"
            }
        ],
        "release_date": "2011-07-07",
        "revenue": "1342000000.0",
        "runtime": "130.0",
        "spoken_languages": [
            {
                "iso_639_1": "en",
                "name": "English"
            }
        ],
        "status": "Released",
        "tagline": "It all ends here.",
        "title": "Harry Potter and the Deathly Hallows: Part 2",
        "video": "False",
        "vote_average": "7.9",
        "vote_count": "6141.0"
    },
    {
        "": "18244",
        "adult": "False",
        "belongs_to_collection": {
            "id": 131635,
            "name": "The Hunger Games Collection",
            "poster_path": "/ttbKy12hDjSHQcM7sCoeW1WsDlW.jpg",
            "backdrop_path": "/zWiiLNg8yXv0he3tCH6XignPaYV.jpg"
        },
        "budget": "75000000",
        "genres": [
            {
                "id": 878,
                "name": "Science Fiction"
            },
            {
                "id": 12,
                "name": "Adventure"
            },
            {
                "id": 14,
                "name": "Fantasy"
            }
        ],
        "homepage": "http://www.thehungergames.movie/",
        "id": "70160",
        "imdb_id": "tt1392170",
        "original_language": "en",
        "original_title": "The Hunger Games",
        "overview": "Every year in the ruins of what was once North America, the nation of Panem forces each of its twelve districts to send a teenage boy and girl to compete in the Hunger Games.  Part twisted entertainment, part government intimidation tactic, the Hunger Games are a nationally televised event in which “Tributes” must fight with one another until one survivor remains.  Pitted against highly-trained Tributes who have prepared for these Games their entire lives, Katniss is forced to rely upon her sharp instincts as well as the mentorship of drunken former victor Haymitch Abernathy.  If she’s ever to return home to District 12, Katniss must make impossible choices in the arena that weigh survival against humanity and life against love. The world will be watching.",
        "popularity": "20.031667",
        "poster_path": "images/hunger1.jpg",
        "production_companies": [
            {
                "name": "Lionsgate",
                "id": 1632
            },
            {
                "name": "Color Force",
                "id": 5420
            }
        ],
        "production_countries": [
            {
                "iso_3166_1": "US",
                "name": "United States of America"
            }
        ],
        "release_date": "2012-03-12",
        "revenue": "691210692.0",
        "runtime": "142.0",
        "spoken_languages": [
            {
                "iso_639_1": "en",
                "name": "English"
            }
        ],
        "status": "Released",
        "tagline": "May The Odds Be Ever In Your Favor.",
        "title": "The Hunger Games",
        "video": "False",
        "vote_average": "6.9",
        "vote_count": "9634.0"
    },
    {
        "": "19101",
        "adult": "False",
        "belongs_to_collection": "",
        "budget": "0",
        "genres": [
            {
                "id": 16,
                "name": "Animation"
            },
            {
                "id": 10751,
                "name": "Family"
            }
        ],
        "homepage": "http://www.pixar.com/shorts/presto/index.html",
        "id": "13042",
        "imdb_id": "tt1245104",
        "original_language": "en",
        "original_title": "Presto",
        "overview": "Dignity. Poise. Mystery. We expect nothing less from the great turn-of-the-century magician, Presto. But when Presto neglects to feed his rabbit one too many times, the magician finds he isn't the only one with a few tricks up his sleeve!",
        "popularity": "8.563861",
        "poster_path": "images/presto.jpg",
        "production_companies": [
            {
                "name": "Pixar Animation Studios",
                "id": 3
            }
        ],
        "production_countries": [
            {
                "iso_3166_1": "US",
                "name": "United States of America"
            }
        ],
        "release_date": "2008-06-18",
        "revenue": "0.0",
        "runtime": "5.0",
        "spoken_languages": [
            {
                "iso_639_1": "en",
                "name": "English"
            },
            {
                "iso_639_1": "xx",
                "name": "No Language"
            }
        ],
        "status": "Released",
        "tagline": "An Amazing Five Minutes Of Animated Fun",
        "title": "Presto",
        "video": "False",
        "vote_average": "8.0",
        "vote_count": "371.0"
    },
    {
        "": "19901",
        "adult": "False",
        "belongs_to_collection": "",
        "budget": "0",
        "genres": [
            {
                "id": 16,
                "name": "Animation"
            },
            {
                "id": 10751,
                "name": "Family"
            },
            {
                "id": 10749,
                "name": "Romance"
            }
        ],
        "homepage": "http://www.disneyanimation.com/projects/shorts/paperman/",
        "id": "140420",
        "imdb_id": "tt2388725",
        "original_language": "en",
        "original_title": "Paperman",
        "overview": "An urban office worker finds that paper airplanes are instrumental in meeting a girl in ways he never expected.",
        "popularity": "7.198633",
        "poster_path": "images/paperman.jpg",
        "production_companies": [
            {
                "name": "Walt Disney Pictures",
                "id": 2
            },
            {
                "name": "Walt Disney Animation Studios",
                "id": 6125
            }
        ],
        "production_countries": [
            {
                "iso_3166_1": "US",
                "name": "United States of America"
            }
        ],
        "release_date": "2012-11-02",
        "revenue": "0.0",
        "runtime": "7.0",
        "spoken_languages": [
            {
                "iso_639_1": "en",
                "name": "English"
            }
        ],
        "status": "Released",
        "tagline": "Delicate, charming and sweet.",
        "title": "Paperman",
        "video": "False",
        "vote_average": "8.0",
        "vote_count": "734.0"
    },
    {
        "": "21025",
        "adult": "False",
        "belongs_to_collection": {
            "id": 382685,
            "name": "Now You See Me Collection",
            "poster_path": "/n0ygWnRip5RYnejdI6Lpwxov0x7.jpg",
            "backdrop_path": "/scBzORmLqP00h8hPKS19TLtyRQm.jpg"
        },
        "budget": "75000000",
        "genres": [
            {
                "id": 53,
                "name": "Thriller"
            },
            {
                "id": 80,
                "name": "Crime"
            }
        ],
        "homepage": "",
        "id": "75656",
        "imdb_id": "tt1670345",
        "original_language": "en",
        "original_title": "Now You See Me",
        "overview": "An FBI agent and an Interpol detective track a team of illusionists who pull off bank heists during their performances and reward their audiences with the money.",
        "popularity": "17.852022",
        "poster_path": "images/nowyouseeme1.jpg",
        "production_companies": [
            {
                "name": "Summit Entertainment",
                "id": 491
            },
            {
                "name": "K/O Paper Products",
                "id": 7296
            },
            {
                "name": "SOIXAN7E QUIN5E",
                "id": 23271
            },
            {
                "name": "See Me Louisiana",
                "id": 23272
            }
        ],
        "production_countries": [
            {
                "iso_3166_1": "US",
                "name": "United States of America"
            },
            {
                "iso_3166_1": "FR",
                "name": "France"
            }
        ],
        "release_date": "2013-05-29",
        "revenue": "117698894.0",
        "runtime": "115.0",
        "spoken_languages": [
            {
                "iso_639_1": "fr",
                "name": "Français"
            },
            {
                "iso_639_1": "en",
                "name": "English"
            }
        ],
        "status": "Released",
        "tagline": "4 amazing magicians. 3 impossible heists. 1 billion dollars. This is no illusion.",
        "title": "Now You See Me",
        "video": "False",
        "vote_average": "7.3",
        "vote_count": "5635.0"
    },
    {
        "": "22058",
        "adult": "False",
        "belongs_to_collection": {
            "id": 131635,
            "name": "The Hunger Games Collection",
            "poster_path": "/ttbKy12hDjSHQcM7sCoeW1WsDlW.jpg",
            "backdrop_path": "/zWiiLNg8yXv0he3tCH6XignPaYV.jpg"
        },
        "budget": "130000000",
        "genres": [
            {
                "id": 12,
                "name": "Adventure"
            },
            {
                "id": 28,
                "name": "Action"
            },
            {
                "id": 878,
                "name": "Science Fiction"
            }
        ],
        "homepage": "http://www.thehungergames.movie/",
        "id": "101299",
        "imdb_id": "tt1951264",
        "original_language": "en",
        "original_title": "The Hunger Games: Catching Fire",
        "overview": "Katniss Everdeen has returned home safe after winning the 74th Annual Hunger Games along with fellow tribute Peeta Mellark. Winning means that they must turn around and leave their family and close friends, embarking on a \"Victor's Tour\" of the districts. Along the way Katniss senses that a rebellion is simmering, but the Capitol is still very much in control as President Snow prepares the 75th Annual Hunger Games (The Quarter Quell) - a competition that could change Panem forever.",
        "popularity": "25.309139",
        "poster_path": "images/hunger2.jpg",
        "production_companies": [
            {
                "name": "Lionsgate",
                "id": 1632
            },
            {
                "name": "Color Force",
                "id": 5420
            }
        ],
        "production_countries": [
            {
                "iso_3166_1": "US",
                "name": "United States of America"
            }
        ],
        "release_date": "2013-11-15",
        "revenue": "847423452.0",
        "runtime": "146.0",
        "spoken_languages": [
            {
                "iso_639_1": "en",
                "name": "English"
            }
        ],
        "status": "Released",
        "tagline": "Every revolution begins with a spark.",
        "title": "The Hunger Games: Catching Fire",
        "video": "False",
        "vote_average": "7.4",
        "vote_count": "6656.0"
    },
    {
        "": "24873",
        "adult": "False",
        "belongs_to_collection": {
            "id": 131635,
            "name": "The Hunger Games Collection",
            "poster_path": "/ttbKy12hDjSHQcM7sCoeW1WsDlW.jpg",
            "backdrop_path": "/zWiiLNg8yXv0he3tCH6XignPaYV.jpg"
        },
        "budget": "125000000",
        "genres": [
            {
                "id": 878,
                "name": "Science Fiction"
            },
            {
                "id": 12,
                "name": "Adventure"
            },
            {
                "id": 53,
                "name": "Thriller"
            }
        ],
        "homepage": "http://www.thehungergames.movie/",
        "id": "131631",
        "imdb_id": "tt1951265",
        "original_language": "en",
        "original_title": "The Hunger Games: Mockingjay - Part 1",
        "overview": "Katniss Everdeen reluctantly becomes the symbol of a mass rebellion against the autocratic Capitol.",
        "popularity": "147.098006",
        "poster_path": "images/hunger3_1.jpg",
        "production_companies": [
            {
                "name": "Lionsgate",
                "id": 1632
            },
            {
                "name": "Color Force",
                "id": 5420
            }
        ],
        "production_countries": [
            {
                "iso_3166_1": "US",
                "name": "United States of America"
            }
        ],
        "release_date": "2014-11-18",
        "revenue": "752100229.0",
        "runtime": "123.0",
        "spoken_languages": [
            {
                "iso_639_1": "en",
                "name": "English"
            }
        ],
        "status": "Released",
        "tagline": "Fire burns brighter in the darkness",
        "title": "The Hunger Games: Mockingjay - Part 1",
        "video": "False",
        "vote_average": "6.6",
        "vote_count": "5767.0"
    },
    {
        "": "30396",
        "adult": "False",
        "belongs_to_collection": {
            "id": 131635,
            "name": "The Hunger Games Collection",
            "poster_path": "/ttbKy12hDjSHQcM7sCoeW1WsDlW.jpg",
            "backdrop_path": "/zWiiLNg8yXv0he3tCH6XignPaYV.jpg"
        },
        "budget": "160000000",
        "genres": [
            {
                "id": 28,
                "name": "Action"
            },
            {
                "id": 12,
                "name": "Adventure"
            },
            {
                "id": 878,
                "name": "Science Fiction"
            }
        ],
        "homepage": "http://www.thehungergames.movie/",
        "id": "131634",
        "imdb_id": "tt1951266",
        "original_language": "en",
        "original_title": "The Hunger Games: Mockingjay - Part 2",
        "overview": "With the nation of Panem in a full scale war, Katniss confronts President Snow in the final showdown. Teamed with a group of her closest friends – including Gale, Finnick, and Peeta – Katniss goes off on a mission with the unit from District 13 as they risk their lives to stage an assassination attempt on President Snow who has become increasingly obsessed with destroying her. The mortal traps, enemies, and moral choices that await Katniss will challenge her more than any arena she faced in The Hunger Games.",
        "popularity": "26.628178",
        "poster_path": "images/hunger3_2.jpg",
        "production_companies": [
            {
                "name": "Studio Babelsberg",
                "id": 264
            },
            {
                "name": "Lionsgate",
                "id": 1632
            },
            {
                "name": "Color Force",
                "id": 5420
            }
        ],
        "production_countries": [
            {
                "iso_3166_1": "DE",
                "name": "Germany"
            },
            {
                "iso_3166_1": "US",
                "name": "United States of America"
            }
        ],
        "release_date": "2015-11-18",
        "revenue": "653428261.0",
        "runtime": "137.0",
        "spoken_languages": [
            {
                "iso_639_1": "en",
                "name": "English"
            }
        ],
        "status": "Released",
        "tagline": "The fire will burn forever.",
        "title": "The Hunger Games: Mockingjay - Part 2",
        "video": "False",
        "vote_average": "6.6",
        "vote_count": "4117.0"
    },
    {
        "": "31658",
        "adult": "False",
        "belongs_to_collection": "",
        "budget": "0",
        "genres": [
            {
                "id": 16,
                "name": "Animation"
            },
            {
                "id": 35,
                "name": "Comedy"
            },
            {
                "id": 18,
                "name": "Drama"
            },
            {
                "id": 10751,
                "name": "Family"
            }
        ],
        "homepage": "",
        "id": "293299",
        "imdb_id": "tt3689498",
        "original_language": "en",
        "original_title": "Feast",
        "overview": "This Oscar-winning animated short film tells the story of one man's love life as seen through the eyes of his best friend and dog, Winston, and revealed bite by bite through the meals they share.",
        "popularity": "7.365663",
        "poster_path": "images/feast.jpg",
        "production_companies": [
            {
                "name": "Walt Disney Pictures",
                "id": 2
            },
            {
                "name": "Walt Disney Animation Studios",
                "id": 6125
            }
        ],
        "production_countries": [
            {
                "iso_3166_1": "US",
                "name": "United States of America"
            }
        ],
        "release_date": "2014-11-07",
        "revenue": "0.0",
        "runtime": "6.0",
        "spoken_languages": [
            {
                "iso_639_1": "en",
                "name": "English"
            }
        ],
        "status": "Released",
        "tagline": "Pet is not just a pet",
        "title": "Feast",
        "video": "False",
        "vote_average": "8.0",
        "vote_count": "420.0"
    },
    {
        "": "34044",
        "adult": "False",
        "belongs_to_collection": "",
        "budget": "0",
        "genres": [
            {
                "id": 16,
                "name": "Animation"
            }
        ],
        "homepage": "",
        "id": "67113",
        "imdb_id": "tt0027963",
        "original_language": "en",
        "original_title": "Mickey's Polo Team",
        "overview": "Mickey leads his polo team Donald (on a mule), Goofy, The Big Bad Wolf against an all-star team: Stan Laurel, Oliver Hardy, Harpo Marx (on an ostrich), Charles Chaplin, in a game refereed by Jack Holt. Featured spectators include the Three Little Pigs with Shirley Temple, W.C. Fields, and Clarabelle Cow with Clark Gable. Game action proceeds pretty much as you might expect from this bunch of comedians.",
        "popularity": "0.55117",
        "poster_path": "images/mickey.jpg",
        "production_companies": [
            {
                "name": "Walt Disney Productions",
                "id": 3166
            },
            {
                "name": "United Artists Pictures",
                "id": 16685
            }
        ],
        "production_countries": [
            {
                "iso_3166_1": "US",
                "name": "United States of America"
            }
        ],
        "release_date": "1936-01-04",
        "revenue": "0.0",
        "runtime": "8.0",
        "spoken_languages": [
            {
                "iso_639_1": "en",
                "name": "English"
            }
        ],
        "status": "Released",
        "tagline": "",
        "title": "Mickey's Polo Team",
        "video": "False",
        "vote_average": "8.0",
        "vote_count": "7.0"
    },
    {
        "": "38850",
        "adult": "False",
        "belongs_to_collection": {
            "id": 382685,
            "name": "Now You See Me Collection",
            "poster_path": "/n0ygWnRip5RYnejdI6Lpwxov0x7.jpg",
            "backdrop_path": "/scBzORmLqP00h8hPKS19TLtyRQm.jpg"
        },
        "budget": "90000000",
        "genres": [
            {
                "id": 28,
                "name": "Action"
            },
            {
                "id": 12,
                "name": "Adventure"
            },
            {
                "id": 35,
                "name": "Comedy"
            },
            {
                "id": 80,
                "name": "Crime"
            },
            {
                "id": 9648,
                "name": "Mystery"
            },
            {
                "id": 53,
                "name": "Thriller"
            }
        ],
        "homepage": "http://nowyouseeme.movie",
        "id": "291805",
        "imdb_id": "tt3110958",
        "original_language": "en",
        "original_title": "Now You See Me 2",
        "overview": "One year after outwitting the FBI and winning the public’s adulation with their mind-bending spectacles, the Four Horsemen resurface only to find themselves face to face with a new enemy who enlists them to pull off their most dangerous heist yet.",
        "popularity": "39.540653",
        "poster_path": "images/nowyouseeme2.jpg",
        "production_companies": [
            {
                "name": "Summit Entertainment",
                "id": 491
            },
            {
                "name": "Lionsgate",
                "id": 1632
            },
            {
                "name": "K/O Paper Products",
                "id": 7296
            },
            {
                "name": "TIK Films",
                "id": 72441
            }
        ],
        "production_countries": [
            {
                "iso_3166_1": "CA",
                "name": "Canada"
            },
            {
                "iso_3166_1": "CN",
                "name": "China"
            },
            {
                "iso_3166_1": "GB",
                "name": "United Kingdom"
            },
            {
                "iso_3166_1": "US",
                "name": "United States of America"
            }
        ],
        "release_date": "2016-06-02",
        "revenue": "334901337.0",
        "runtime": "129.0",
        "spoken_languages": [
            {
                "iso_639_1": "zh",
                "name": "普通话"
            },
            {
                "iso_639_1": "en",
                "name": "English"
            }
        ],
        "status": "Released",
        "tagline": "You Haven't Seen Anything Yet",
        "title": "Now You See Me 2",
        "video": "False",
        "vote_average": "6.7",
        "vote_count": "3362.0"
    },
    {
        "": "39386",
        "adult": "False",
        "belongs_to_collection": "",
        "budget": "0",
        "genres": [
            {
                "id": 10751,
                "name": "Family"
            },
            {
                "id": 16,
                "name": "Animation"
            }
        ],
        "homepage": "http://www.pixar.com/short_films/Theatrical-Shorts/Piper",
        "id": "399106",
        "imdb_id": "tt5613056",
        "original_language": "en",
        "original_title": "Piper",
        "overview": "A mother bird tries to teach her little one how to find food by herself. In the process, she encounters a traumatic experience that she must overcome in order to survive.",
        "popularity": "11.243161",
        "poster_path": "images/piper.jpg",
        "production_companies": [
            {
                "name": "Pixar Animation Studios",
                "id": 3
            },
            {
                "name": "Disney",
                "id": 6421
            }
        ],
        "production_countries": [
            {
                "iso_3166_1": "US",
                "name": "United States of America"
            }
        ],
        "release_date": "2016-06-16",
        "revenue": "0.0",
        "runtime": "6.0",
        "spoken_languages": [
            {
                "iso_639_1": "en",
                "name": "English"
            }
        ],
        "status": "Released",
        "tagline": "",
        "title": "Piper",
        "video": "False",
        "vote_average": "8.2",
        "vote_count": "487.0"
    },
    {
        "": "40458",
        "adult": "False",
        "belongs_to_collection": "",
        "budget": "0",
        "genres": [
            {
                "id": 16,
                "name": "Animation"
            }
        ],
        "homepage": "",
        "id": "352812",
        "imdb_id": "tt1736313",
        "original_language": "en",
        "original_title": "Tick Tock Tale",
        "overview": "Amidst an old London clock shop, a small, quirky mantle clock comes to the aide of the store's more expensive clocks when a thief breaks in and threatens to steal them away.",
        "popularity": "0.781356",
        "poster_path": "images/ticktock.jpg",
        "production_companies": [
            {
                "name": "Walt Disney Pictures",
                "id": 2
            },
            {
                "name": "Walt Disney Animation Studios",
                "id": 6125
            }
        ],
        "production_countries": [
            {
                "iso_3166_1": "US",
                "name": "United States of America"
            }
        ],
        "release_date": "2010-06-10",
        "revenue": "0.0",
        "runtime": "6.0",
        "spoken_languages": [
            {
                "iso_639_1": "en",
                "name": "English"
            },
            {
                "iso_639_1": "xx",
                "name": "No Language"
            }
        ],
        "status": "Released",
        "tagline": "",
        "title": "Tick Tock Tale",
        "video": "False",
        "vote_average": "8.1",
        "vote_count": "18.0"
    },
    {
        "": "41603",
        "adult": "False",
        "belongs_to_collection": "",
        "budget": "0",
        "genres": [
            {
                "id": 16,
                "name": "Animation"
            },
            {
                "id": 35,
                "name": "Comedy"
            }
        ],
        "homepage": "",
        "id": "406785",
        "imdb_id": "tt5807512",
        "original_language": "en",
        "original_title": "Inner Workings",
        "overview": "This is the story of the internal struggle between a man’s Brain—a pragmatic protector who calculates his every move, and his Heart—a free-spirited adventurer who wants to let loose.",
        "popularity": "3.365946",
        "poster_path": "images/innerworkings.jpg",
        "production_companies": [
            {
                "name": "Walt Disney Animation Studios",
                "id": 6125
            }
        ],
        "production_countries": [
            {
                "iso_3166_1": "US",
                "name": "United States of America"
            }
        ],
        "release_date": "2016-11-23",
        "revenue": "0.0",
        "runtime": "7.0",
        "spoken_languages": [
            {
                "iso_639_1": "en",
                "name": "English"
            }
        ],
        "status": "Released",
        "tagline": "",
        "title": "Inner Workings",
        "video": "False",
        "vote_average": "8.2",
        "vote_count": "46.0"
    },
    {
        "": "45270",
        "adult": "False",
        "belongs_to_collection": "",
        "budget": "0",
        "genres": [
            {
                "id": 16,
                "name": "Animation"
            }
        ],
        "homepage": "https://www.pixar.com/lou",
        "id": "433471",
        "imdb_id": "tt6267732",
        "original_language": "en",
        "original_title": "Lou",
        "overview": "A Pixar short about a lost-and-found box and the unseen monster within.",
        "popularity": "1.770297",
        "poster_path": "images/lou.jpg",
        "production_companies": [
            {
                "name": "Pixar Animation Studios",
                "id": 3
            }
        ],
        "production_countries": [],
        "release_date": "2017-06-16",
        "revenue": "0.0",
        "runtime": "6.0",
        "spoken_languages": [
            {
                "iso_639_1": "en",
                "name": "English"
            }
        ],
        "status": "Released",
        "tagline": "",
        "title": "Lou",
        "video": "False",
        "vote_average": "8.5",
        "vote_count": "17.0"
    }
]